UF,MUNICIPIO_DESCRICAO,Código IBGE,Estabelecimentos (Matriz + Filial)
SP,Totais,,"21,603"
SP,Adamantina,Totais,25
SP,Adamantina,3500105,25
SP,Adolfo,Totais,4
SP,Adolfo,3500204,4
SP,Aguaí,Totais,20
SP,Aguaí,3500303,20
SP,Águas da Prata,Totais,6
SP,Águas da Prata,3500402,6
SP,Águas de Lindóia,Totais,14
SP,Águas de Lindóia,3500501,14
SP,Águas de Santa Bárbara,Totais,7
SP,Águas de Santa Bárbara,3500550,7
SP,Águas de São Pedro,Totais,2
SP,Águas de São Pedro,3500600,2
SP,Agudos,Totais,19
SP,Agudos,3500709,19
SP,Alambari,Totais,2
SP,Alambari,3500758,2
SP,Alfredo Marcondes,Totais,3
SP,Alfredo Marcondes,3500808,3
SP,Altair,Totais,4
SP,Altair,3500907,4
SP,Altinópolis,Totais,14
SP,Altinópolis,3501004,14
SP,Alto Alegre,Totais,3
SP,Alto Alegre,3501103,3
SP,Alumínio,Totais,8
SP,Alumínio,3501152,8
SP,Álvares Florence,Totais,2
SP,Álvares Florence,3501202,2
SP,Álvares Machado,Totais,9
SP,Álvares Machado,3501301,9
SP,Álvaro de Carvalho,Totais,3
SP,Álvaro de Carvalho,3501400,3
SP,Alvinlândia,Totais,1
SP,Alvinlândia,3501509,1
SP,Americana,Totais,134
SP,Americana,3501608,134
SP,Américo Brasiliense,Totais,18
SP,Américo Brasiliense,3501707,18
SP,Américo de Campos,Totais,7
SP,Américo de Campos,3501806,7
SP,Amparo,Totais,27
SP,Amparo,3501905,27
SP,Analândia,Totais,2
SP,Analândia,3502002,2
SP,Andradina,Totais,35
SP,Andradina,3502101,35
SP,Angatuba,Totais,19
SP,Angatuba,3502200,19
SP,Anhembi,Totais,3
SP,Anhembi,3502309,3
SP,Anhumas,Totais,4
SP,Anhumas,3502408,4
SP,Aparecida,Totais,17
SP,Aparecida,3502507,17
SP,Aparecida d´Oeste,Totais,4
SP,Aparecida d´Oeste,3502606,4
SP,Apiaí,Totais,22
SP,Apiaí,3502705,22
SP,Araçariguama,Totais,8
SP,Araçariguama,3502754,8
SP,Araçatuba,Totais,115
SP,Araçatuba,3502804,115
SP,Araçoiaba da Serra,Totais,24
SP,Araçoiaba da Serra,3502903,24
SP,Aramina,Totais,5
SP,Aramina,3503000,5
SP,Arandu,Totais,3
SP,Arandu,3503109,3
SP,Arapeí,Totais,1
SP,Arapeí,3503158,1
SP,Araraquara,Totais,118
SP,Araraquara,3503208,118
SP,Araras,Totais,82
SP,Araras,3503307,82
SP,Arco-Íris,Totais,1
SP,Arco-Íris,3503356,1
SP,Arealva,Totais,5
SP,Arealva,3503406,5
SP,Areias,Totais,2
SP,Areias,3503505,2
SP,Areiópolis,Totais,4
SP,Areiópolis,3503604,4
SP,Ariranha,Totais,5
SP,Ariranha,3503703,5
SP,Artur Nogueira,Totais,21
SP,Artur Nogueira,3503802,21
SP,Arujá,Totais,41
SP,Arujá,3503901,41
SP,Aspásia,Totais,2
SP,Aspásia,3503950,2
SP,Assis,Totais,61
SP,Assis,3504008,61
SP,Atibaia,Totais,89
SP,Atibaia,3504107,89
SP,Auriflama,Totais,17
SP,Auriflama,3504206,17
SP,Avaí,Totais,2
SP,Avaí,3504305,2
SP,Avanhandava,Totais,7
SP,Avanhandava,3504404,7
SP,Avaré,Totais,54
SP,Avaré,3504503,54
SP,Bady Bassitt,Totais,20
SP,Bady Bassitt,3504602,20
SP,Balbinos,Totais,1
SP,Balbinos,3504701,1
SP,Bálsamo,Totais,13
SP,Bálsamo,3504800,13
SP,Bananal,Totais,5
SP,Bananal,3504909,5
SP,Barão de Antonina,Totais,3
SP,Barão de Antonina,3505005,3
SP,Barbosa,Totais,4
SP,Barbosa,3505104,4
SP,Bariri,Totais,19
SP,Bariri,3505203,19
SP,Barra Bonita,Totais,26
SP,Barra Bonita,3505302,26
SP,Barra do Chapéu,Totais,3
SP,Barra do Chapéu,3505351,3
SP,Barra do Turvo,Totais,2
SP,Barra do Turvo,3505401,2
SP,Barretos,Totais,98
SP,Barretos,3505500,98
SP,Barrinha,Totais,16
SP,Barrinha,3505609,16
SP,Barueri,Totais,163
SP,Barueri,3505708,163
SP,Bastos,Totais,13
SP,Bastos,3505807,13
SP,Batatais,Totais,31
SP,Batatais,3505906,31
SP,Bauru,Totais,210
SP,Bauru,3506003,210
SP,Bebedouro,Totais,50
SP,Bebedouro,3506102,50
SP,Bento de Abreu,Totais,2
SP,Bento de Abreu,3506201,2
SP,Bernardino de Campos,Totais,11
SP,Bernardino de Campos,3506300,11
SP,Bertioga,Totais,44
SP,Bertioga,3506359,44
SP,Bilac,Totais,7
SP,Bilac,3506409,7
SP,Birigui,Totais,73
SP,Birigui,3506508,73
SP,Biritiba-Mirim,Totais,14
SP,Biritiba-Mirim,3506607,14
SP,Boa Esperança do Sul,Totais,6
SP,Boa Esperança do Sul,3506706,6
SP,Bocaina,Totais,11
SP,Bocaina,3506805,11
SP,Bofete,Totais,5
SP,Bofete,3506904,5
SP,Boituva,Totais,32
SP,Boituva,3507001,32
SP,Bom Jesus dos Perdões,Totais,9
SP,Bom Jesus dos Perdões,3507100,9
SP,Bom Sucesso de Itararé,Totais,5
SP,Bom Sucesso de Itararé,3507159,5
SP,Borá,Totais,1
SP,Borá,3507209,1
SP,Boracéia,Totais,3
SP,Boracéia,3507308,3
SP,Borborema,Totais,16
SP,Borborema,3507407,16
SP,Borebi,Totais,2
SP,Borebi,3507456,2
SP,Botucatu,Totais,64
SP,Botucatu,3507506,64
SP,Bragança Paulista,Totais,96
SP,Bragança Paulista,3507605,96
SP,Braúna,Totais,5
SP,Braúna,3507704,5
SP,Brejo Alegre,Totais,2
SP,Brejo Alegre,3507753,2
SP,Brodowski,Totais,10
SP,Brodowski,3507803,10
SP,Brotas,Totais,15
SP,Brotas,3507902,15
SP,Buri,Totais,18
SP,Buri,3508009,18
SP,Buritama,Totais,14
SP,Buritama,3508108,14
SP,Buritizal,Totais,3
SP,Buritizal,3508207,3
SP,Cabrália Paulista,Totais,4
SP,Cabrália Paulista,3508306,4
SP,Cabreúva,Totais,30
SP,Cabreúva,3508405,30
SP,Caçapava,Totais,33
SP,Caçapava,3508504,33
SP,Cachoeira Paulista,Totais,17
SP,Cachoeira Paulista,3508603,17
SP,Caconde,Totais,11
SP,Caconde,3508702,11
SP,Cafelândia,Totais,11
SP,Cafelândia,3508801,11
SP,Caiabu,Totais,2
SP,Caiabu,3508900,2
SP,Caieiras,Totais,42
SP,Caieiras,3509007,42
SP,Caiuá,Totais,3
SP,Caiuá,3509106,3
SP,Cajamar,Totais,46
SP,Cajamar,3509205,46
SP,Cajati,Totais,11
SP,Cajati,3509254,11
SP,Cajobi,Totais,9
SP,Cajobi,3509304,9
SP,Cajuru,Totais,17
SP,Cajuru,3509403,17
SP,Campina do Monte Alegre,Totais,6
SP,Campina do Monte Alegre,3509452,6
SP,Campinas,Totais,585
SP,Campinas,3509502,585
SP,Campo Limpo Paulista,Totais,36
SP,Campo Limpo Paulista,3509601,36
SP,Campos do Jordão,Totais,24
SP,Campos do Jordão,3509700,24
SP,Campos Novos Paulista,Totais,4
SP,Campos Novos Paulista,3509809,4
SP,Cananéia,Totais,7
SP,Cananéia,3509908,7
SP,Canas,Totais,4
SP,Canas,3509957,4
SP,Cândido Mota,Totais,14
SP,Cândido Mota,3510005,14
SP,Cândido Rodrigues,Totais,2
SP,Cândido Rodrigues,3510104,2
SP,Canitar,Totais,2
SP,Canitar,3510153,2
SP,Capâo Bonito,Totais,26
SP,Capâo Bonito,3510203,26
SP,Capela do Alto,Totais,12
SP,Capela do Alto,3510302,12
SP,Capivari,Totais,23
SP,Capivari,3510401,23
SP,Caraguatatuba,Totais,62
SP,Caraguatatuba,3510500,62
SP,Carapicuíba,Totais,153
SP,Carapicuíba,3510609,153
SP,Cardoso,Totais,11
SP,Cardoso,3510708,11
SP,Casa Branca,Totais,18
SP,Casa Branca,3510807,18
SP,Cássia dos Coqueiros,Totais,5
SP,Cássia dos Coqueiros,3510906,5
SP,Castilho,Totais,11
SP,Castilho,3511003,11
SP,Catanduva,Totais,92
SP,Catanduva,3511102,92
SP,Catiguá,Totais,5
SP,Catiguá,3511201,5
SP,Cedral,Totais,8
SP,Cedral,3511300,8
SP,Cerqueira César,Totais,14
SP,Cerqueira César,3511409,14
SP,Cerquilho,Totais,28
SP,Cerquilho,3511508,28
SP,Cesário Lange,Totais,10
SP,Cesário Lange,3511607,10
SP,Charqueada,Totais,8
SP,Charqueada,3511706,8
SP,Chavantes,Totais,6
SP,Chavantes,3557204,6
SP,Clementina,Totais,5
SP,Clementina,3511904,5
SP,Colina,Totais,14
SP,Colina,3512001,14
SP,Colômbia,Totais,4
SP,Colômbia,3512100,4
SP,Conchal,Totais,14
SP,Conchal,3512209,14
SP,Conchas,Totais,10
SP,Conchas,3512308,10
SP,Cordeirópolis,Totais,9
SP,Cordeirópolis,3512407,9
SP,Coroados,Totais,3
SP,Coroados,3512506,3
SP,Coronel Macedo,Totais,3
SP,Coronel Macedo,3512605,3
SP,Corumbataí,Totais,1
SP,Corumbataí,3512704,1
SP,Cosmópolis,Totais,24
SP,Cosmópolis,3512803,24
SP,Cosmorama,Totais,7
SP,Cosmorama,3512902,7
SP,Cotia,Totais,133
SP,Cotia,3513009,133
SP,Cravinhos,Totais,23
SP,Cravinhos,3513108,23
SP,Cristais Paulista,Totais,4
SP,Cristais Paulista,3513207,4
SP,Cruzália,Totais,3
SP,Cruzália,3513306,3
SP,Cruzeiro,Totais,40
SP,Cruzeiro,3513405,40
SP,Cubatão,Totais,36
SP,Cubatão,3513504,36
SP,Cunha,Totais,8
SP,Cunha,3513603,8
SP,Descalvado,Totais,12
SP,Descalvado,3513702,12
SP,Diadema,Totais,128
SP,Diadema,3513801,128
SP,Dirce Reis,Totais,1
SP,Dirce Reis,3513850,1
SP,Divinolândia,Totais,8
SP,Divinolândia,3513900,8
SP,Dobrada,Totais,3
SP,Dobrada,3514007,3
SP,Dois Córregos,Totais,16
SP,Dois Córregos,3514106,16
SP,Dolcinópolis,Totais,2
SP,Dolcinópolis,3514205,2
SP,Dourado,Totais,5
SP,Dourado,3514304,5
SP,Dracena,Totais,26
SP,Dracena,3514403,26
SP,Duartina,Totais,9
SP,Duartina,3514502,9
SP,Dumont,Totais,4
SP,Dumont,3514601,4
SP,Echaporã,Totais,3
SP,Echaporã,3514700,3
SP,Eldorado,Totais,5
SP,Eldorado,3514809,5
SP,Elias Fausto,Totais,10
SP,Elias Fausto,3514908,10
SP,Elisiário,Totais,2
SP,Elisiário,3514924,2
SP,Embaúba,Totais,2
SP,Embaúba,3514957,2
SP,Embu,Totais,95
SP,Embu,3515004,95
SP,Embu-Guaçu,Totais,19
SP,Embu-Guaçu,3515103,19
SP,Emilianópolis,Totais,3
SP,Emilianópolis,3515129,3
SP,Engenheiro Coelho,Totais,15
SP,Engenheiro Coelho,3515152,15
SP,Espírito Santo do Pinhal,Totais,21
SP,Espírito Santo do Pinhal,3515186,21
SP,Espírito Santo do Turvo,Totais,2
SP,Espírito Santo do Turvo,3515194,2
SP,Estiva Gerbi,Totais,5
SP,Estiva Gerbi,3557303,5
SP,Estrela d´Oeste,Totais,11
SP,Estrela d´Oeste,3515202,11
SP,Estrela do Norte,Totais,1
SP,Estrela do Norte,3515301,1
SP,Euclides da Cunha Paulista,Totais,6
SP,Euclides da Cunha Paulista,3515350,6
SP,Fartura,Totais,14
SP,Fartura,3515400,14
SP,Fernando Prestes,Totais,5
SP,Fernando Prestes,3515608,5
SP,Fernandópolis,Totais,55
SP,Fernandópolis,3515509,55
SP,Fernão,Totais,1
SP,Fernão,3515657,1
SP,Ferraz de Vasconcelos,Totais,57
SP,Ferraz de Vasconcelos,3515707,57
SP,Flora Rica,Totais,1
SP,Flora Rica,3515806,1
SP,Floreal,Totais,3
SP,Floreal,3515905,3
SP,Flórida Paulista,Totais,8
SP,Flórida Paulista,3516002,8
SP,Florínia,Totais,2
SP,Florínia,3516101,2
SP,Franca,Totais,225
SP,Franca,3516200,225
SP,Francisco Morato,Totais,62
SP,Francisco Morato,3516309,62
SP,Franco da Rocha,Totais,68
SP,Franco da Rocha,3516408,68
SP,Gabriel Monteiro,Totais,2
SP,Gabriel Monteiro,3516507,2
SP,Gália,Totais,6
SP,Gália,3516606,6
SP,Garça,Totais,26
SP,Garça,3516705,26
SP,Gastão Vidigal,Totais,5
SP,Gastão Vidigal,3516804,5
SP,Gavião Peixoto,Totais,2
SP,Gavião Peixoto,3516853,2
SP,General Salgado,Totais,13
SP,General Salgado,3516903,13
SP,Getulina,Totais,6
SP,Getulina,3517000,6
SP,Glicério,Totais,4
SP,Glicério,3517109,4
SP,Guaiçara,Totais,3
SP,Guaiçara,3517208,3
SP,Guaimbê,Totais,3
SP,Guaimbê,3517307,3
SP,Guaíra,Totais,27
SP,Guaíra,3517406,27
SP,Guapiaçu,Totais,16
SP,Guapiaçu,3517505,16
SP,Guapiara,Totais,13
SP,Guapiara,3517604,13
SP,Guará,Totais,13
SP,Guará,3517703,13
SP,Guaraçaí,Totais,4
SP,Guaraçaí,3517802,4
SP,Guaraci,Totais,12
SP,Guaraci,3517901,12
SP,Guarani d´Oeste,Totais,4
SP,Guarani d´Oeste,3518008,4
SP,Guarantã,Totais,2
SP,Guarantã,3518107,2
SP,Guararapes,Totais,17
SP,Guararapes,3518206,17
SP,Guararema,Totais,16
SP,Guararema,3518305,16
SP,Guaratinguetá,Totais,60
SP,Guaratinguetá,3518404,60
SP,Guareí,Totais,4
SP,Guareí,3518503,4
SP,Guariba,Totais,21
SP,Guariba,3518602,21
SP,Guarujá,Totais,148
SP,Guarujá,3518701,148
SP,Guarulhos,Totais,513
SP,Guarulhos,3518800,513
SP,Guatapará,Totais,8
SP,Guatapará,3518859,8
SP,Guzolândia,Totais,3
SP,Guzolândia,3518909,3
SP,Herculândia,Totais,6
SP,Herculândia,3519006,6
SP,Holambra,Totais,8
SP,Holambra,3519055,8
SP,Hortolândia,Totais,136
SP,Hortolândia,3519071,136
SP,Iacanga,Totais,10
SP,Iacanga,3519105,10
SP,Iacri,Totais,4
SP,Iacri,3519204,4
SP,Iaras,Totais,7
SP,Iaras,3519253,7
SP,Ibaté,Totais,20
SP,Ibaté,3519303,20
SP,Ibirá,Totais,11
SP,Ibirá,3519402,11
SP,Ibirarema,Totais,8
SP,Ibirarema,3519501,8
SP,Ibitinga,Totais,34
SP,Ibitinga,3519600,34
SP,Ibiúna,Totais,53
SP,Ibiúna,3519709,53
SP,Icém,Totais,6
SP,Icém,3519808,6
SP,Iepê,Totais,10
SP,Iepê,3519907,10
SP,Igaraçu do Tietê,Totais,10
SP,Igaraçu do Tietê,3520004,10
SP,Igarapava,Totais,15
SP,Igarapava,3520103,15
SP,Igaratá,Totais,5
SP,Igaratá,3520202,5
SP,Iguape,Totais,17
SP,Iguape,3520301,17
SP,Ilha Comprida,Totais,13
SP,Ilha Comprida,3520426,13
SP,Ilha Solteira,Totais,12
SP,Ilha Solteira,3520442,12
SP,Ilhabela,Totais,15
SP,Ilhabela,3520400,15
SP,Indaiatuba,Totais,106
SP,Indaiatuba,3520509,106
SP,Indiana,Totais,2
SP,Indiana,3520608,2
SP,Indiaporã,Totais,3
SP,Indiaporã,3520707,3
SP,Inúbia Paulista,Totais,4
SP,Inúbia Paulista,3520806,4
SP,Ipaussu,Totais,9
SP,Ipaussu,3520905,9
SP,Iperó,Totais,11
SP,Iperó,3521002,11
SP,Ipeúna,Totais,2
SP,Ipeúna,3521101,2
SP,Ipiguá,Totais,4
SP,Ipiguá,3521150,4
SP,Iporanga,Totais,2
SP,Iporanga,3521200,2
SP,Ipuã,Totais,9
SP,Ipuã,3521309,9
SP,Iracemápolis,Totais,7
SP,Iracemápolis,3521408,7
SP,Irapuã,Totais,8
SP,Irapuã,3521507,8
SP,Irapuru,Totais,5
SP,Irapuru,3521606,5
SP,Itaberá,Totais,18
SP,Itaberá,3521705,18
SP,Itaí,Totais,21
SP,Itaí,3521804,21
SP,Itajobi,Totais,18
SP,Itajobi,3521903,18
SP,Itaju,Totais,1
SP,Itaju,3522000,1
SP,Itanhaém,Totais,64
SP,Itanhaém,3522109,64
SP,Itaóca,Totais,3
SP,Itaóca,3522158,3
SP,Itapecerica da Serra,Totais,64
SP,Itapecerica da Serra,3522208,64
SP,Itapetininga,Totais,82
SP,Itapetininga,3522307,82
SP,Itapeva,Totais,60
SP,Itapeva,3522406,60
SP,Itapevi,Totais,71
SP,Itapevi,3522505,71
SP,Itapira,Totais,41
SP,Itapira,3522604,41
SP,Itapirapuã Paulista,Totais,4
SP,Itapirapuã Paulista,3522653,4
SP,Itápolis,Totais,27
SP,Itápolis,3522703,27
SP,Itaporanga,Totais,11
SP,Itaporanga,3522802,11
SP,Itapuí,Totais,8
SP,Itapuí,3522901,8
SP,Itapura,Totais,3
SP,Itapura,3523008,3
SP,Itaquaquecetuba,Totais,129
SP,Itaquaquecetuba,3523107,129
SP,Itararé,Totais,28
SP,Itararé,3523206,28
SP,Itariri,Totais,4
SP,Itariri,3523305,4
SP,Itatiba,Totais,54
SP,Itatiba,3523404,54
SP,Itatinga,Totais,7
SP,Itatinga,3523503,7
SP,Itirapina,Totais,6
SP,Itirapina,3523602,6
SP,Itirapuã,Totais,4
SP,Itirapuã,3523701,4
SP,Itobi,Totais,5
SP,Itobi,3523800,5
SP,Itu,Totais,80
SP,Itu,3523909,80
SP,Itupeva,Totais,38
SP,Itupeva,3524006,38
SP,Ituverava,Totais,16
SP,Ituverava,3524105,16
SP,Jaborandi,Totais,6
SP,Jaborandi,3524204,6
SP,Jaboticabal,Totais,45
SP,Jaboticabal,3524303,45
SP,Jacareí,Totais,82
SP,Jacareí,3524402,82
SP,Jaci,Totais,4
SP,Jaci,3524501,4
SP,Jacupiranga,Totais,9
SP,Jacupiranga,3524600,9
SP,Jaguariúna,Totais,26
SP,Jaguariúna,3524709,26
SP,Jales,Totais,44
SP,Jales,3524808,44
SP,Jambeiro,Totais,2
SP,Jambeiro,3524907,2
SP,Jandira,Totais,40
SP,Jandira,3525003,40
SP,Jardinópolis,Totais,18
SP,Jardinópolis,3525102,18
SP,Jarinu,Totais,17
SP,Jarinu,3525201,17
SP,Jaú,Totais,71
SP,Jaú,3525300,71
SP,Jeriquara,Totais,2
SP,Jeriquara,3525409,2
SP,Joanópolis,Totais,6
SP,Joanópolis,3525508,6
SP,João Ramalho,Totais,3
SP,João Ramalho,3525607,3
SP,José Bonifácio,Totais,31
SP,José Bonifácio,3525706,31
SP,Júlio Mesquita,Totais,2
SP,Júlio Mesquita,3525805,2
SP,Jumirim,Totais,1
SP,Jumirim,3525854,1
SP,Jundiaí,Totais,234
SP,Jundiaí,3525904,234
SP,Junqueirópolis,Totais,12
SP,Junqueirópolis,3526001,12
SP,Juquiá,Totais,6
SP,Juquiá,3526100,6
SP,Juquitiba,Totais,10
SP,Juquitiba,3526209,10
SP,Lagoinha,Totais,4
SP,Lagoinha,3526308,4
SP,Laranjal Paulista,Totais,15
SP,Laranjal Paulista,3526407,15
SP,Lavínia,Totais,3
SP,Lavínia,3526506,3
SP,Lavrinhas,Totais,2
SP,Lavrinhas,3526605,2
SP,Leme,Totais,47
SP,Leme,3526704,47
SP,Lençóis Paulista,Totais,32
SP,Lençóis Paulista,3526803,32
SP,Limeira,Totais,128
SP,Limeira,3526902,128
SP,Lindóia,Totais,6
SP,Lindóia,3527009,6
SP,Lins,Totais,44
SP,Lins,3527108,44
SP,Lorena,Totais,32
SP,Lorena,3527207,32
SP,Lourdes,Totais,1
SP,Lourdes,3527256,1
SP,Louveira,Totais,20
SP,Louveira,3527306,20
SP,Lucélia,Totais,14
SP,Lucélia,3527405,14
SP,Lucianópolis,Totais,2
SP,Lucianópolis,3527504,2
SP,Luís Antônio,Totais,5
SP,Luís Antônio,3527603,5
SP,Luiziânia,Totais,3
SP,Luiziânia,3527702,3
SP,Lupércio,Totais,3
SP,Lupércio,3527801,3
SP,Lutécia,Totais,3
SP,Lutécia,3527900,3
SP,Macatuba,Totais,10
SP,Macatuba,3528007,10
SP,Macaubal,Totais,4
SP,Macaubal,3528106,4
SP,Macedônia,Totais,3
SP,Macedônia,3528205,3
SP,Magda,Totais,2
SP,Magda,3528304,2
SP,Mairinque,Totais,21
SP,Mairinque,3528403,21
SP,Mairiporã,Totais,34
SP,Mairiporã,3528502,34
SP,Manduri,Totais,10
SP,Manduri,3528601,10
SP,Marabá Paulista,Totais,3
SP,Marabá Paulista,3528700,3
SP,Maracaí,Totais,12
SP,Maracaí,3528809,12
SP,Marapoama,Totais,3
SP,Marapoama,3528858,3
SP,Mariápolis,Totais,3
SP,Mariápolis,3528908,3
SP,Marília,Totais,166
SP,Marília,3529005,166
SP,Marinópolis,Totais,2
SP,Marinópolis,3529104,2
SP,Martinópolis,Totais,14
SP,Martinópolis,3529203,14
SP,Matão,Totais,64
SP,Matão,3529302,64
SP,Mauá,Totais,147
SP,Mauá,3529401,147
SP,Mendonça,Totais,7
SP,Mendonça,3529500,7
SP,Meridiano,Totais,3
SP,Meridiano,3529609,3
SP,Mesópolis,Totais,2
SP,Mesópolis,3529658,2
SP,Miguelópolis,Totais,9
SP,Miguelópolis,3529708,9
SP,Mineiros do Tietê,Totais,10
SP,Mineiros do Tietê,3529807,10
SP,Mira Estrela,Totais,2
SP,Mira Estrela,3530003,2
SP,Miracatu,Totais,8
SP,Miracatu,3529906,8
SP,Mirandopólis,Totais,11
SP,Mirandopólis,3530102,11
SP,Mirante do Paranapanema,Totais,7
SP,Mirante do Paranapanema,3530201,7
SP,Mirassol,Totais,43
SP,Mirassol,3530300,43
SP,Mirassolândia,Totais,2
SP,Mirassolândia,3530409,2
SP,Mococa,Totais,32
SP,Mococa,3530508,32
SP,Mogi das Cruzes,Totais,202
SP,Mogi das Cruzes,3530607,202
SP,Mogi Guaçu,Totais,79
SP,Mogi Guaçu,3530706,79
SP,Moji Mirim,Totais,81
SP,Moji Mirim,3530805,81
SP,Mombuca,Totais,1
SP,Mombuca,3530904,1
SP,Monções,Totais,2
SP,Monções,3531001,2
SP,Mongaguá,Totais,38
SP,Mongaguá,3531100,38
SP,Monte Alegre do Sul,Totais,3
SP,Monte Alegre do Sul,3531209,3
SP,Monte Alto,Totais,33
SP,Monte Alto,3531308,33
SP,Monte Aprazível,Totais,21
SP,Monte Aprazível,3531407,21
SP,Monte Azul Paulista,Totais,17
SP,Monte Azul Paulista,3531506,17
SP,Monte Castelo,Totais,2
SP,Monte Castelo,3531605,2
SP,Monte Mor,Totais,25
SP,Monte Mor,3531803,25
SP,Monteiro Lobato,Totais,3
SP,Monteiro Lobato,3531704,3
SP,Morro Agudo,Totais,22
SP,Morro Agudo,3531902,22
SP,Morungaba,Totais,4
SP,Morungaba,3532009,4
SP,Motuca,Totais,2
SP,Motuca,3532058,2
SP,Murutinga do Sul,Totais,2
SP,Murutinga do Sul,3532108,2
SP,Nantes,Totais,3
SP,Nantes,3532157,3
SP,Narandiba,Totais,3
SP,Narandiba,3532207,3
SP,Natividade da Serra,Totais,3
SP,Natividade da Serra,3532306,3
SP,Nazaré Paulista,Totais,10
SP,Nazaré Paulista,3532405,10
SP,Neves Paulista,Totais,4
SP,Neves Paulista,3532504,4
SP,Nhandeara,Totais,10
SP,Nhandeara,3532603,10
SP,Nipoã,Totais,5
SP,Nipoã,3532702,5
SP,Nova Aliança,Totais,4
SP,Nova Aliança,3532801,4
SP,Nova Campina,Totais,6
SP,Nova Campina,3532827,6
SP,Nova Canaã Paulista,Totais,2
SP,Nova Canaã Paulista,3532843,2
SP,Nova Castilho,Totais,1
SP,Nova Castilho,3532868,1
SP,Nova Europa,Totais,5
SP,Nova Europa,3532900,5
SP,Nova Granada,Totais,17
SP,Nova Granada,3533007,17
SP,Nova Guataporanga,Totais,1
SP,Nova Guataporanga,3533106,1
SP,Nova Independência,Totais,2
SP,Nova Independência,3533205,2
SP,Nova Luzitânia,Totais,4
SP,Nova Luzitânia,3533304,4
SP,Nova Odessa,Totais,32
SP,Nova Odessa,3533403,32
SP,Novais,Totais,4
SP,Novais,3533254,4
SP,Novo Horizonte,Totais,32
SP,Novo Horizonte,3533502,32
SP,Nuporanga,Totais,5
SP,Nuporanga,3533601,5
SP,Ocauçu,Totais,3
SP,Ocauçu,3533700,3
SP,Óleo,Totais,2
SP,Óleo,3533809,2
SP,Olímpia,Totais,49
SP,Olímpia,3533908,49
SP,Onda Verde,Totais,3
SP,Onda Verde,3534005,3
SP,Oriente,Totais,5
SP,Oriente,3534104,5
SP,Orindiúva,Totais,4
SP,Orindiúva,3534203,4
SP,Orlândia,Totais,19
SP,Orlândia,3534302,19
SP,Osasco,Totais,310
SP,Osasco,3534401,310
SP,Oscar Bressane,Totais,2
SP,Oscar Bressane,3534500,2
SP,Osvaldo Cruz,Totais,15
SP,Osvaldo Cruz,3534609,15
SP,Ourinhos,Totais,60
SP,Ourinhos,3534708,60
SP,Ouro Verde,Totais,4
SP,Ouro Verde,3534807,4
SP,Ouroeste,Totais,14
SP,Ouroeste,3534757,14
SP,Pacaembu,Totais,7
SP,Pacaembu,3534906,7
SP,Palestina,Totais,11
SP,Palestina,3535002,11
SP,Palmares Paulista,Totais,6
SP,Palmares Paulista,3535101,6
SP,Palmeira d´Oeste,Totais,6
SP,Palmeira d´Oeste,3535200,6
SP,Palmital,Totais,17
SP,Palmital,3535309,17
SP,Panorama,Totais,7
SP,Panorama,3535408,7
SP,Paraguaçu Paulista,Totais,25
SP,Paraguaçu Paulista,3535507,25
SP,Paraibuna,Totais,5
SP,Paraibuna,3535606,5
SP,Paraíso,Totais,4
SP,Paraíso,3535705,4
SP,Paranapanema,Totais,17
SP,Paranapanema,3535804,17
SP,Paranapuã,Totais,3
SP,Paranapuã,3535903,3
SP,Parapuã,Totais,8
SP,Parapuã,3536000,8
SP,Pardinho,Totais,5
SP,Pardinho,3536109,5
SP,Pariquera-Açu,Totais,9
SP,Pariquera-Açu,3536208,9
SP,Parisi,Totais,3
SP,Parisi,3536257,3
SP,Patrocínio Paulista,Totais,8
SP,Patrocínio Paulista,3536307,8
SP,Paulicéia,Totais,3
SP,Paulicéia,3536406,3
SP,Paulínia,Totais,50
SP,Paulínia,3536505,50
SP,Paulistânia,Totais,1
SP,Paulistânia,3536570,1
SP,Paulo de Faria,Totais,7
SP,Paulo de Faria,3536604,7
SP,Pederneiras,Totais,28
SP,Pederneiras,3536703,28
SP,Pedra Bela,Totais,3
SP,Pedra Bela,3536802,3
SP,Pedranópolis,Totais,2
SP,Pedranópolis,3536901,2
SP,Pedregulho,Totais,13
SP,Pedregulho,3537008,13
SP,Pedreira,Totais,20
SP,Pedreira,3537107,20
SP,Pedrinhas Paulista,Totais,2
SP,Pedrinhas Paulista,3537156,2
SP,Pedro de Toledo,Totais,2
SP,Pedro de Toledo,3537206,2
SP,Penápolis,Totais,46
SP,Penápolis,3537305,46
SP,Pereira Barreto,Totais,22
SP,Pereira Barreto,3537404,22
SP,Pereiras,Totais,6
SP,Pereiras,3537503,6
SP,Peruíbe,Totais,40
SP,Peruíbe,3537602,40
SP,Piacatu,Totais,4
SP,Piacatu,3537701,4
SP,Piedade,Totais,31
SP,Piedade,3537800,31
SP,Pilar do Sul,Totais,17
SP,Pilar do Sul,3537909,17
SP,Pindamonhangaba,Totais,85
SP,Pindamonhangaba,3538006,85
SP,Pindorama,Totais,10
SP,Pindorama,3538105,10
SP,Pinhalzinho,Totais,9
SP,Pinhalzinho,3538204,9
SP,Piquerobi,Totais,2
SP,Piquerobi,3538303,2
SP,Piquete,Totais,8
SP,Piquete,3538501,8
SP,Piracaia,Totais,13
SP,Piracaia,3538600,13
SP,Piracicaba,Totais,196
SP,Piracicaba,3538709,196
SP,Piraju,Totais,15
SP,Piraju,3538808,15
SP,Pirajuí,Totais,13
SP,Pirajuí,3538907,13
SP,Pirangi,Totais,10
SP,Pirangi,3539004,10
SP,Pirapora do Bom Jesus,Totais,7
SP,Pirapora do Bom Jesus,3539103,7
SP,Pirapozinho,Totais,18
SP,Pirapozinho,3539202,18
SP,Pirassununga,Totais,35
SP,Pirassununga,3539301,35
SP,Piratininga,Totais,8
SP,Piratininga,3539400,8
SP,Pitangueiras,Totais,17
SP,Pitangueiras,3539509,17
SP,Planalto,Totais,6
SP,Planalto,3539608,6
SP,Platina,Totais,3
SP,Platina,3539707,3
SP,Poá,Totais,55
SP,Poá,3539806,55
SP,Poloni,Totais,3
SP,Poloni,3539905,3
SP,Pompéia,Totais,15
SP,Pompéia,3540002,15
SP,Pongaí,Totais,3
SP,Pongaí,3540101,3
SP,Pontal,Totais,17
SP,Pontal,3540200,17
SP,Pontalinda,Totais,3
SP,Pontalinda,3540259,3
SP,Pontes Gestal,Totais,3
SP,Pontes Gestal,3540309,3
SP,Populina,Totais,4
SP,Populina,3540408,4
SP,Porangaba,Totais,6
SP,Porangaba,3540507,6
SP,Porto Feliz,Totais,24
SP,Porto Feliz,3540606,24
SP,Porto Ferreira,Totais,27
SP,Porto Ferreira,3540705,27
SP,Potim,Totais,5
SP,Potim,3540754,5
SP,Potirendaba,Totais,9
SP,Potirendaba,3540804,9
SP,Pracinha,Totais,1
SP,Pracinha,3540853,1
SP,Pradópolis,Totais,13
SP,Pradópolis,3540903,13
SP,Praia Grande,Totais,148
SP,Praia Grande,3541000,148
SP,Pratânia,Totais,2
SP,Pratânia,3541059,2
SP,Presidente Alves,Totais,2
SP,Presidente Alves,3541109,2
SP,Presidente Bernardes,Totais,7
SP,Presidente Bernardes,3541208,7
SP,Presidente Epitácio,Totais,21
SP,Presidente Epitácio,3541307,21
SP,Presidente Prudente,Totais,137
SP,Presidente Prudente,3541406,137
SP,Presidente Venceslau,Totais,18
SP,Presidente Venceslau,3541505,18
SP,Promissão,Totais,18
SP,Promissão,3541604,18
SP,Quadra,Totais,1
SP,Quadra,3541653,1
SP,Quatá,Totais,9
SP,Quatá,3541703,9
SP,Queiroz,Totais,4
SP,Queiroz,3541802,4
SP,Queluz,Totais,2
SP,Queluz,3541901,2
SP,Quintana,Totais,5
SP,Quintana,3542008,5
SP,Rafard,Totais,4
SP,Rafard,3542107,4
SP,Rancharia,Totais,20
SP,Rancharia,3542206,20
SP,Redenção da Serra,Totais,2
SP,Redenção da Serra,3542305,2
SP,Regente Feijó,Totais,12
SP,Regente Feijó,3542404,12
SP,Reginópolis,Totais,4
SP,Reginópolis,3542503,4
SP,Registro,Totais,24
SP,Registro,3542602,24
SP,Restinga,Totais,3
SP,Restinga,3542701,3
SP,Ribeira,Totais,2
SP,Ribeira,3542800,2
SP,Ribeirão Bonito,Totais,8
SP,Ribeirão Bonito,3542909,8
SP,Ribeirão Branco,Totais,21
SP,Ribeirão Branco,3543006,21
SP,Ribeirão Corrente,Totais,3
SP,Ribeirão Corrente,3543105,3
SP,Ribeirão do Sul,Totais,3
SP,Ribeirão do Sul,3543204,3
SP,Ribeirão dos Índios,Totais,2
SP,Ribeirão dos Índios,3543238,2
SP,Ribeirão Grande,Totais,1
SP,Ribeirão Grande,3543253,1
SP,Ribeirão Pires,Totais,50
SP,Ribeirão Pires,3543303,50
SP,Ribeirão Preto,Totais,330
SP,Ribeirão Preto,3543402,330
SP,Rifaina,Totais,3
SP,Rifaina,3543600,3
SP,Rincão,Totais,4
SP,Rincão,3543709,4
SP,Rinópolis,Totais,6
SP,Rinópolis,3543808,6
SP,Rio Claro,Totais,96
SP,Rio Claro,3543907,96
SP,Rio das Pedras,Totais,14
SP,Rio das Pedras,3544004,14
SP,Rio Grande da Serra,Totais,10
SP,Rio Grande da Serra,3544103,10
SP,Riolândia,Totais,7
SP,Riolândia,3544202,7
SP,Riversul,Totais,6
SP,Riversul,3543501,6
SP,Rosana,Totais,17
SP,Rosana,3544251,17
SP,Roseira,Totais,7
SP,Roseira,3544301,7
SP,Rubiácea,Totais,1
SP,Rubiácea,3544400,1
SP,Rubinéia,Totais,2
SP,Rubinéia,3544509,2
SP,Sabino,Totais,2
SP,Sabino,3544608,2
SP,Sagres,Totais,1
SP,Sagres,3544707,1
SP,Sales,Totais,8
SP,Sales,3544806,8
SP,Sales Oliveira,Totais,5
SP,Sales Oliveira,3544905,5
SP,Salesópolis,Totais,8
SP,Salesópolis,3545001,8
SP,Salmourão,Totais,2
SP,Salmourão,3545100,2
SP,Saltinho,Totais,3
SP,Saltinho,3545159,3
SP,Salto,Totais,59
SP,Salto,3545209,59
SP,Salto de Pirapora,Totais,19
SP,Salto de Pirapora,3545308,19
SP,Salto Grande,Totais,5
SP,Salto Grande,3545407,5
SP,Sandovalina,Totais,2
SP,Sandovalina,3545506,2
SP,Santa Adélia,Totais,14
SP,Santa Adélia,3545605,14
SP,Santa Albertina,Totais,5
SP,Santa Albertina,3545704,5
SP,Santa Bárbara d´Oeste,Totais,83
SP,Santa Bárbara d´Oeste,3545803,83
SP,Santa Branca,Totais,4
SP,Santa Branca,3546009,4
SP,Santa Clara d´Oeste,Totais,1
SP,Santa Clara d´Oeste,3546108,1
SP,Santa Cruz da Conceição,Totais,2
SP,Santa Cruz da Conceição,3546207,2
SP,Santa Cruz da Esperança,Totais,1
SP,Santa Cruz da Esperança,3546256,1
SP,Santa Cruz das Palmeiras,Totais,16
SP,Santa Cruz das Palmeiras,3546306,16
SP,Santa Cruz do Rio Pardo,Totais,27
SP,Santa Cruz do Rio Pardo,3546405,27
SP,Santa Ernestina,Totais,3
SP,Santa Ernestina,3546504,3
SP,Santa Fé do Sul,Totais,29
SP,Santa Fé do Sul,3546603,29
SP,Santa Gertrudes,Totais,13
SP,Santa Gertrudes,3546702,13
SP,Santa Isabel,Totais,21
SP,Santa Isabel,3546801,21
SP,Santa Lúcia,Totais,2
SP,Santa Lúcia,3546900,2
SP,Santa Maria da Serra,Totais,3
SP,Santa Maria da Serra,3547007,3
SP,Santa Mercedes,Totais,1
SP,Santa Mercedes,3547106,1
SP,Santa Rita d´Oeste,Totais,2
SP,Santa Rita d´Oeste,3547403,2
SP,Santa Rita do Passa Quatro,Totais,18
SP,Santa Rita do Passa Quatro,3547502,18
SP,Santa Rosa de Viterbo,Totais,12
SP,Santa Rosa de Viterbo,3547601,12
SP,Santa Salete,Totais,1
SP,Santa Salete,3547650,1
SP,Santana da Ponte Pensa,Totais,2
SP,Santana da Ponte Pensa,3547205,2
SP,Santana de Parnaíba,Totais,56
SP,Santana de Parnaíba,3547304,56
SP,Santo Anastácio,Totais,11
SP,Santo Anastácio,3547700,11
SP,Santo André,Totais,339
SP,Santo André,3547809,339
SP,Santo Antônio da Alegria,Totais,7
SP,Santo Antônio da Alegria,3547908,7
SP,Santo Antônio de Posse,Totais,10
SP,Santo Antônio de Posse,3548005,10
SP,Santo Antônio do Aracanguá,Totais,8
SP,Santo Antônio do Aracanguá,3548054,8
SP,Santo Antônio do Jardim,Totais,4
SP,Santo Antônio do Jardim,3548104,4
SP,Santo Antônio do Pinhal,Totais,4
SP,Santo Antônio do Pinhal,3548203,4
SP,Santo Expedito,Totais,3
SP,Santo Expedito,3548302,3
SP,Santópolis do Aguapeí,Totais,4
SP,Santópolis do Aguapeí,3548401,4
SP,Santos,Totais,183
SP,Santos,3548500,183
SP,São Bento do Sapucaí,Totais,8
SP,São Bento do Sapucaí,3548609,8
SP,São Bernardo do Campo,Totais,321
SP,São Bernardo do Campo,3548708,321
SP,São Caetano do Sul,Totais,111
SP,São Caetano do Sul,3548807,111
SP,São Carlos,Totais,134
SP,São Carlos,3548906,134
SP,São Francisco,Totais,1
SP,São Francisco,3549003,1
SP,São João da Boa Vista,Totais,46
SP,São João da Boa Vista,3549102,46
SP,São João das Duas Pontes,Totais,2
SP,São João das Duas Pontes,3549201,2
SP,São João de Iracema,Totais,5
SP,São João de Iracema,3549250,5
SP,São João do Pau d´Alho,Totais,1
SP,São João do Pau d´Alho,3549300,1
SP,São Joaquim da Barra,Totais,27
SP,São Joaquim da Barra,3549409,27
SP,São José da Bela Vista,Totais,3
SP,São José da Bela Vista,3549508,3
SP,São José do Barreiro,Totais,2
SP,São José do Barreiro,3549607,2
SP,São José do Rio Pardo,Totais,28
SP,São José do Rio Pardo,3549706,28
SP,São José do Rio Preto,Totais,317
SP,São José do Rio Preto,3549805,317
SP,São José dos Campos,Totais,297
SP,São José dos Campos,3549904,297
SP,São Lourenço da Serra,Totais,4
SP,São Lourenço da Serra,3549953,4
SP,São Luís do Paraitinga,Totais,3
SP,São Luís do Paraitinga,3550001,3
SP,São Manuel,Totais,19
SP,São Manuel,3550100,19
SP,São Miguel Arcanjo,Totais,22
SP,São Miguel Arcanjo,3550209,22
SP,São Paulo (território),Totais,"4,887"
SP,São Paulo (território),3550308,"4,887"
SP,São Pedro,Totais,21
SP,São Pedro,3550407,21
SP,São Pedro do Turvo,Totais,5
SP,São Pedro do Turvo,3550506,5
SP,São Roque,Totais,35
SP,São Roque,3550605,35
SP,São Sebastião,Totais,49
SP,São Sebastião,3550704,49
SP,São Sebastião da Grama,Totais,7
SP,São Sebastião da Grama,3550803,7
SP,São Simão,Totais,7
SP,São Simão,3550902,7
SP,São Vicente,Totais,113
SP,São Vicente,3551009,113
SP,Sarapuí,Totais,8
SP,Sarapuí,3551108,8
SP,Sarutaiá,Totais,1
SP,Sarutaiá,3551207,1
SP,Sebastianópolis do Sul,Totais,2
SP,Sebastianópolis do Sul,3551306,2
SP,Serra Azul,Totais,7
SP,Serra Azul,3551405,7
SP,Serra Negra,Totais,22
SP,Serra Negra,3551603,22
SP,Serrana,Totais,17
SP,Serrana,3551504,17
SP,Sertãozinho,Totais,62
SP,Sertãozinho,3551702,62
SP,Sete Barras,Totais,5
SP,Sete Barras,3551801,5
SP,Severínia,Totais,12
SP,Severínia,3551900,12
SP,Silveiras,Totais,3
SP,Silveiras,3552007,3
SP,Socorro,Totais,18
SP,Socorro,3552106,18
SP,Sorocaba,Totais,312
SP,Sorocaba,3552205,312
SP,Sud Mennucci,Totais,7
SP,Sud Mennucci,3552304,7
SP,Sumaré,Totais,115
SP,Sumaré,3552403,115
SP,Suzanápolis,Totais,5
SP,Suzanápolis,3552551,5
SP,Suzano,Totais,166
SP,Suzano,3552502,166
SP,Tabapuã,Totais,10
SP,Tabapuã,3552601,10
SP,Tabatinga,Totais,8
SP,Tabatinga,3552700,8
SP,Taboão da Serra,Totais,110
SP,Taboão da Serra,3552809,110
SP,Taciba,Totais,2
SP,Taciba,3552908,2
SP,Taguaí,Totais,9
SP,Taguaí,3553005,9
SP,Taiaçu,Totais,5
SP,Taiaçu,3553104,5
SP,Taiúva,Totais,3
SP,Taiúva,3553203,3
SP,Tambaú,Totais,11
SP,Tambaú,3553302,11
SP,Tanabi,Totais,20
SP,Tanabi,3553401,20
SP,Tapiraí,Totais,3
SP,Tapiraí,3553500,3
SP,Tapiratiba,Totais,9
SP,Tapiratiba,3553609,9
SP,Taquaral,Totais,2
SP,Taquaral,3553658,2
SP,Taquaritinga,Totais,49
SP,Taquaritinga,3553708,49
SP,Taquarituba,Totais,13
SP,Taquarituba,3553807,13
SP,Taquarivaí,Totais,2
SP,Taquarivaí,3553856,2
SP,Tarabai,Totais,4
SP,Tarabai,3553906,4
SP,Tarumã,Totais,8
SP,Tarumã,3553955,8
SP,Tatuí,Totais,51
SP,Tatuí,3554003,51
SP,Taubaté,Totais,145
SP,Taubaté,3554102,145
SP,Tejupá,Totais,2
SP,Tejupá,3554201,2
SP,Teodoro Sampaio,Totais,14
SP,Teodoro Sampaio,3554300,14
SP,Terra Roxa,Totais,8
SP,Terra Roxa,3554409,8
SP,Tietê,Totais,22
SP,Tietê,3554508,22
SP,Timburi,Totais,2
SP,Timburi,3554607,2
SP,Torre de Pedra,Totais,2
SP,Torre de Pedra,3554656,2
SP,Torrinha,Totais,5
SP,Torrinha,3554706,5
SP,Tremembé,Totais,14
SP,Tremembé,3554805,14
SP,Três Fronteiras,Totais,3
SP,Três Fronteiras,3554904,3
SP,Tuiuti,Totais,2
SP,Tuiuti,3554953,2
SP,Tupã,Totais,46
SP,Tupã,3555000,46
SP,Tupi Paulista,Totais,9
SP,Tupi Paulista,3555109,9
SP,Turiúba,Totais,2
SP,Turiúba,3555208,2
SP,Turmalina,Totais,3
SP,Turmalina,3555307,3
SP,Ubarana,Totais,3
SP,Ubarana,3555356,3
SP,Ubatuba,Totais,57
SP,Ubatuba,3555406,57
SP,Ubirajara,Totais,2
SP,Ubirajara,3555505,2
SP,Uchoa,Totais,8
SP,Uchoa,3555604,8
SP,União Paulista,Totais,2
SP,União Paulista,3555703,2
SP,Urânia,Totais,5
SP,Urânia,3555802,5
SP,Uru,Totais,1
SP,Uru,3555901,1
SP,Urupês,Totais,16
SP,Urupês,3556008,16
SP,Valentim Gentil,Totais,11
SP,Valentim Gentil,3556107,11
SP,Valinhos,Totais,68
SP,Valinhos,3556206,68
SP,Valparaíso,Totais,12
SP,Valparaíso,3556305,12
SP,Vargem,Totais,6
SP,Vargem,3556354,6
SP,Vargem Grande do Sul,Totais,26
SP,Vargem Grande do Sul,3556404,26
SP,Vargem Grande Paulista,Totais,25
SP,Vargem Grande Paulista,3556453,25
SP,Várzea Paulista,Totais,43
SP,Várzea Paulista,3556503,43
SP,Vera Cruz,Totais,8
SP,Vera Cruz,3556602,8
SP,Vinhedo,Totais,42
SP,Vinhedo,3556701,42
SP,Viradouro,Totais,17
SP,Viradouro,3556800,17
SP,Vista Alegre do Alto,Totais,4
SP,Vista Alegre do Alto,3556909,4
SP,Vitória Brasil,Totais,2
SP,Vitória Brasil,3556958,2
SP,Votorantim,Totais,61
SP,Votorantim,3557006,61
SP,Votuporanga,Totais,70
SP,Votuporanga,3557105,70
SP,Zacarias,Totais,2
SP,Zacarias,3557154,2
